﻿Designator,Footprint,Quantity,Value,LCSC Part #
A1,RPi_Pico_SMD_TH,1,RaspberryPi_Pico,
"C1, C2",0603,2,1nF,
"C10, C19, C23, C3, C30, C33, C35, C36, C37, C38, C39, C4, C40, C41, C42, C5, C6, C7, C8, C9",0603,20,10n,
"C11, C12, C13, C14, C15, C16, C18, C20, C22, C24, C26, C29, C31, C43",0603,14,100n,
"C17, C21",0805,2,10u,
"C25, C27",0603,2,1uF,
"C28, C32, C34",0603,3,10uF,
"D1, D13, D14, D15, D24, D28, D3, D6, D7",D_SOD-523,9,SMF4L5.0A,
"D10, D11, D16, D17, D19, D29, D30",SOT-143,7,SP0503BAHT,
D12,D_SOD-523,1,SMF4L12.0A,
D18,D_SOD-523,1,ESD131-B1-W0201,
"D2, D5",SOT-323_SC-70,2,BAT54SW,
"D20, D22, D25, D26, D27, D4, D9",D_SOD-523,7,SMF4L12A,
D21,D_SOD-323,1,D_Small,
D23,0603,1,LED Green,
D8,D_SOD-123,1,1N5400,
J1,JST_PH_S6B-PH-SM4-TB_1x06-1MP_P2.00mm_Horizontal,1,Conn_01x06,
J10,JST_PH_B3B-PH-SM4-TB_1x03-1MP_P2.00mm_Vertical,1,Conn_01x03,
"J11, J8, J9",JST_PH_B4B-PH-SM4-TB_1x04-1MP_P2.00mm_Vertical,3,Conn_01x04,
"J12, J13",JST_PH_B2B-PH-SM4-TB_1x02-1MP_P2.00mm_Vertical,2,Conn_01x02,
J14,JST_PH_S2B-PH-SM4-TB_1x02-1MP_P2.00mm_Horizontal,1,Conn_01x02,
J15,JST_PH_S3B-PH-SM4-TB_1x03-1MP_P2.00mm_Horizontal,1,Conn_01x03,
"J16, J17, J18",KF2510-4AW_3+1P,3,Conn_01x04,
"J2, J3, J4",SMA_Samtec_SMA-J-P-X-ST-EM1_EdgeMount,3,Conn_Coaxial,C1509221
"J5, J6",JST_PH_B5B-PH-SM4-TB_1x05-1MP_P2.00mm_Vertical,2,Conn_01x05,
J7,JST_XH_S3B-XH-A_1x03_P2.50mm_Horizontal,1,Conn_01x04,
K1,Relay_SPDT_Omron_G2RL-1-E,1,G2RL-1-E,
"L1, L10, L11, L12, L13, L14, L15, L16, L17, L18, L2, L3, L4, L5, L6, L7, L8, L9",0603,18,L_Ferrite,
Q1,SOT-323_SC-70,1,BC848W,
Q2,SOT-23,1,2N7002,
Q3,SOT-23,1,DMG2305UX,
"R1, R31, R33, R55, R56",0603,5,4k7,
"R10, R11, R12, R13, R14, R15, R16, R17, R18, R19, R2, R20, R21, R22, R23, R24, R25, R28, R29, R30, R32, R38, R39, R40, R43, R44, R7, R8, R9",0603,29,10k,
"R26, R27, R3, R35, R4, R45",0603,6,1k,
R34,0603,1,30k,
"R36, R48, R50, R52",0603,4,0R,
"R37, R47, R49, R51",0603,4,NF,
"R41, R42, R46, R53, R54",0603,5,3k3,
R5,0603,1,220,
R6,0603,1,470,
"U1, U9",SOT-353_SC-70-5,2,74LVC1G17,
U10,TSSOP-14_4.4x5mm_P0.65mm,1,74AHCT125,
U2,SOIC-14_3.9x8.7mm_P1.27mm,1,74LVC74,
U3,SOIC-14_3.9x8.7mm_P1.27mm,1,TLV9364,
U4,TSSOP-10_3x3mm_P0.5mm,1,ADS1015IDGS,
U5,SOT-23-5,1,TLV9361,
U6,MSOP-10_3x3mm_P0.5mm,1,MCP4728,
U7,SOT-23-5,1,AP2204K-ADJ,
U8,SOIC-8_5.23x5.23mm_P1.27mm,1,LTC1044,
