﻿Designator,Footprint,Quantity,Value,LCSC Part #
"C1, C10, C11, C13, C15, C16, C17, C18, C19, C20, C21, C22, C24, C25, C26",0603,15,100n,
"C12, C14, C9",1210,3,22u,
C2,0603,1,2.2u,
C23,0805,1,22u,
"C3, C6",0805,2,100n,
"C4, C5",1210,2,2.2u,
"C7, C8",0603,2,100nf,
"D1, D6",D_SMB,2,SM6T75A,
D10,0603,1,Yellow,
"D11, D4",D_SOD-123F,2,SMF4L5.0A,
"D12, D5, D7",D_SOD-123F,3,SMF4L12A,
D2,Nexperia_CFP3_SOD-123W,1,15v,
D3,0603,1,Red,
D8,0603,1,Blue,
D9,SOT-143,1,SP0503BAHT,
F1,Fuse_Schurter_UMZ250,1,1A,
"F2, F3, F4",1812,3,1A,
"H1, H2, H3, H4, H5",MountingHole_3.2mm_M3_DIN965_Pad,5,M3-PAD,
"J1, J4",Fat_Power 4,2,60A 4 pin,
J2,Fat_Power 2,1,30A 2 Pin,
"J3, J8",JST_PH_B4B-PH-SM4-TB_1x04-1MP_P2.00mm_Vertical,2,JST-PH-4,
"J5, J6",JST_XH_S3B-XH-A_1x03_P2.50mm_Horizontal,2,JST-XH-3,
J7,JST_XH_S2B-XH-A_1x02_P2.50mm_Horizontal,1,JST-XH-2,
J9,JST_PH_S3B-PH-SM4-TB_1x03-1MP_P2.00mm_Horizontal,1,JST-PH-3,
L1,L_Wuerth_MAPI-4030,1,15uH,
L2,L_Coilcraft_MSS1210-XXX,1,33uH,
"L3, L4, L5, L6, L7",0805,5,1uH,
"Q1, Q2",TO263_Heatsink_301,2,SQM120P10-19L,
"Q3, Q4",SOT-23,2,BSS123,
Q5,SOT-23,1,FDN340P,
R1,0603,1,270k,
R10,0603,1,88.7k,
R11,0603,1,22.1k,
"R12, R15, R16, R2, R26, R29, R30, R34, R35, R37, R38, R39, R4, R5, TH1",0603,15,10k,
R13,0603,1,100k,
R14,0603,1,110k,
"R17, R22, R31, R36",0603,4,NF,
"R18, R23, R27",0603,3,0R,
"R19, R25, R28, R9",0603,4,1k,
"R20, R21, R24, R8",0603,4,4k7,
R3,0603,1,64k9,
"R32, R33",0603,2,1k8,
"R6, R7",0603,2,82R,
U1,SOT-23-6,1,LMR50410,
U2,lmr38012,1,LMR38020,
U3,SSOP-8_2.95x2.8mm_P0.65mm,1,74LVC1G123,
U4,Allegro_CB_PFF,1,ACS770xCB-050B-PFF,
U5,VSSOP-10_3x3mm_P0.5mm,1,ADS1015IDGS,
U6,SOT-23-6,1,MCP4725A0T,
U7,SOT-23-5,1,AP2204K-ADJ,
U8,SOIC-18W_7.5x11.6mm_P1.27mm,1,MCP23008-xSO,
